OrgNo;Navn;AntallAnsatte;Naeringskode;Organisasjonsform;brregNavn
810463902;E Berentsen AS;0;68.209;AS;
810684402;BLOKKEN SKIPSVERFT EIENDOM AS;0;68.209;AS;
811320862;KLINGVIG AS;0;68.209;AS;
811445312;TRYGVE M ENGEBY AS;0;46.694;AS;
811550582;CAMPUS 4 AS;0;68.209;AS;
811564222;TORGHALLEN BODØ AS;0;68.320;AS;
811573582;BY1BIL AS;0;45.320;AS;
811576352;ØST BOLIGUTVIKLING AS;0;68.100;AS;
811576662;VESTAKSEN SENTRUM AS;0;41.109;AS;
811607002;ACEA DEVELOPMENT AS;3;68.209;AS;
811613932;Axelar AS;5;70.220;AS;
811620122;UTEPLASSEN.NO AS;5;47.919;AS;
811661392;ØYNEBRÅTEN ANLEGGSTEKNIKK AS;19;43.120;AS;
811717142;OLSEN AUTO JESSHEIM AS;9;45.200;AS;
811727962;Storebotn Utleie AS;0;68.209;AS;
811736252;STIFTELSEN SÆTRE GÅRD;17;56.101;STI;
811738042;NESTTUNVEGEN 99 INVEST AS;0;68.209;AS;
811765422;Skintonic Svolvær AS;5;47.750;AS;
811767662;SFD TECHNOLOGY AS;0;71.129;AS;
811780332;SIVILINGENIØR OLE HAMMARI AS;2;71.121;AS;
811780812;PER OLE OSKAL;4;01.490;ENK;
811783072;Lillebakk Holding AS;0;71.129;AS;
811786322;Kunstmaler Lars Tveit AS;0;;AS;
811851612;KARLSAUNE MASKIN AS;1;43.120;AS;
811855162;PLASSEN FLORØ AS;0;41.109;AS;
811864722;BB GYM TROMSØ AS;0;85.510;AS;
811867152;HANS-HENRIK FURULUND EIENDOM AS;0;68.209;AS;
811868892;PK PAINTING POVILAS KASELIS;2;43.341;ENK;
811880132;DIAMOND ROAD MUSIC AS;1;90.011;AS;
811903922;ECONOMICA AS;0;70.220;AS;
811927392;DANIELSEN EL-SUPORT V/JARLE BERNT DANIELSEN;0;71.129;ENK;
811932892;SALTENS DAMP EIENDOM AS;0;68.209;AS;
811956732;RØKENES GÅRD & GJESTEHUS AS;25;56.101;AS;
811987972;SØRESTRANDA EIENDOM AS;0;68.100;AS;
811996432;M7 Regnskap AS;0;69.201;AS;
811998222;RAYMOND ARONSEN TRANSPORT & GRAVING AS;1;43.120;AS;
812003402;JÆRENS ÆRVERDIGE FORENING FOR UISGE BEATHA'S FREMME;0;94.991;FLI;
812026542;Tronds Montasjeservice Trond Petter Michelsen;0;73.110;ENK;
812070592;Herbrandsen Invest AS;1;00.000;AS;
812084232;FOSEN DYREKLINIKK AS;7;75.000;AS;
812100882;NITRA AS;1;64.308;AS;
812105302;Sameiet Prinsens Gate 3b;0;;ESEK;
812124072;Storenga AS;1;55.300;AS;
812159062;Askepotts Renhold AS;18;81.210;AS;
812159852;Veamyr Entreprenør AS;3;43.120;AS;
812164872;FOLKETS HUS NARVIK AS;0;68.209;AS;
812166972;TMG 61 HOLDING AS;0;68.320;AS;
812168142;DALE CAPITAL AS;1;70.220;AS;
812170112;BLOMSTERBAKKEN 2 AS;0;68.209;AS;
812172352;EVENES BYGDESERVICE AS;0;43.320;AS;
812178792;T&R HAUGEN MASKIN AS;8;43.120;AS;
812181912;VINDUSPUSSEREN AS;5;81.220;AS;LIFTMANN AS
812183192;PRIMÆRKONTAKTEN FOR MUSKEL-OG SKJELETTPLAGER AS;1;86.909;AS;
812184032;DREVFJELL AS;1;62.010;AS;
812236342;Frekhaug Byggsenter AS;24;47.521;AS;
812245732;Organic Feelgood AS;0;46.389;AS;
812262432;MASKIN UTLEIE AS;0;68.100;AS;
812276212;Feel Free Production AS;16;31.090;AS;
812306782;CAMPUS 6 AS;0;41.109;AS;
812376152;FREDLUND TØMRERFIRMA;0;41.200;ENK;
812387502;Cafe C Stavanger AS;0;56.309;AS;
812388592;HELGA LIND GÅRDEN;0;;ESEK;
812394312;RAMSØ MASKIN IDAR RAMSØ;0;;ENK;
812439502;Båtkalesjer AS;0;13.929;AS;
812440012;ANDREW JOHN WELLS PIANOENTERTAINER;0;90.011;ENK;
812467492;FIT4FUN AS;0;46.389;AS;
812482122;WILL.I.JUICE AS;8;56.101;AS;
812490672;TVETENVEIEN 154 B AS;0;68.209;AS;
812496832;BORGUNDFJORDVEIEN 108 AS;1;68.209;AS;
812536532;HAAGAAS INVEST AS;0;68.100;AS;
812555472;EVENT & HAPPENINGS AS;1;90.020;AS;
812570552;GLIMT MEDIA AS;1;58.140;AS;
812574272;REINSVE EIENDOM AS;2;68.209;AS;
812579622;Fridahl Eiendom AS;1;68.209;AS;
812635042;BIPA DRILLING AS;1;71.129;AS;
812673122;Brenna Entreprenør AS;0;;AS;
812722352;Eivind A. Langnes;0;;ENK;
812761722;PROFF HAND AS;0;;AS;
812790242;KANALTOMTA AS;0;00.000;AS;
812796712;ARAGON MEDIA AS;1;58.140;AS;
812802062;LE'GANZ OUTLET AS;0;47.722;AS;
812830732;Bookkeeper Os AS;14;69.201;AS;ECIT OS AS
812865412;HALLANGSPOLLEN VA-DRIFT SA;0;36.000;SA;
812893602;BSL BYGG AS;12;41.200;AS;
812898752;Taxitomta Ii AS;0;68.209;AS;
812900862;DAKINI DHARMA PROJECTS AS;0;;AS;
812972502;REVOLVER AS;0;70.220;AS;
812977652;FINN ARNE SIVERTSEN;0;70.220;ENK;
812978322;STAVANGER INVESTERING SELSKAP AS;0;41.109;AS;
812980262;CAMPUS 7 AS;0;41.109;AS;
813049902;CARTER HOLDING AS;0;00.000;AS;
813050412;HAUGALAND TAK&BYGG AS;0;;AS;HAUGESUND TAKSPESIALIST AS
813062372;BTECHNOLOGIES AB FILIAL I NORGE;0;;NUF;
813077132;SOLVIK UTVIKLING 1 AS;0;68.100;AS;USTAOSET UTVIKLING AS
813100622;VENTILASJON OG MONTASJE AS;0;43.223;AS;
813104482;R15 Holding AS;0;;AS;
813132702;SET SAIL AS;0;;AS;
813170442;BAG CATERING AS;6;56.210;AS;
813181282;BYGGSØK NORGE AS;2;71.121;AS;
813203472;TORJUSEN BRANNSERVICE AS;3;71.200;AS;
813226642;Byggmester Gunnar Breivik AS;1;41.200;AS;
813255642;VANDRESKOEN AS;2;47.721;AS;
813259052;SALTFJELLET HOTELL POLARSIRKELEN AS;0;;AS;
813259842;ANDREAS AS;0;;AS;
813279312;CONTINUUM MANAGEMENT AS;7;68.320;AS;
813288842;MARVIN HANSEN EIENDOM AS;5;43.120;AS;
813297442;TRØNDERHOPP AKTIVITET AS;2;68.209;AS;
813302152;ARB INVEST AS;1;45.111;AS;
813307782;JKG MUR AS;0;;AS;
813307952;LANDSTIL AS;0;;AS;
813308312;GORSETGRENDA VEILAG OG HYTTEFORENING SA;0;68.320;SA;
813317052;METRO SØR AS;22;56.101;AS;
813322072;FAIRYTALE PRODUCTION AS;5;59.110;AS;WAAG PRODUKSJONER AS
813326132;ISSO RENHOLD AL-MASRI;0;;ENK;
813337592;Moderne Bygg 1 AS;0;41.109;AS;
813355442;VESTVÅGØY TAXI AS;0;52.211;AS;
813369702;HILUX AS;4;90.020;AS;
813397552;Fruktgården AS;31;01.240;AS;
813424282;DENARIUS RINGSRUD;0;82.990;ENK;
813452642;FOTOGRAF MATS JENSAAS AS;4;74.200;AS;
813459272;TRETEKNIKK ØSTFOLD AS;8;41.200;AS;
813463202;SORTLAND MAT & VINHUS AS;0;56.101;AS;
813536412;VEKO MASKIN AS;2;43.120;AS;
813544342;OSLAND AS;1;43.110;AS;
813550172;ZENARIO AS;0;59.110;AS;
813560852;PMB EIENDOM AS;0;68.209;AS;NCG EIENDOM AS
813561212;FORNEBU BUTIKKDRIFT AS;0;47.593;AS;
813564572;ANALYSYS MASON AS;20;70.220;AS;
813587882;Löwenstein Tømrer AS;3;41.200;AS;
813587912;Fusa Lyd & Lys AS;6;90.020;AS;
813598132;UNSTAD ARCTIC SURF AS;41;55.101;AS;
813622882;Steigen Boligutleie AS;0;68.209;AS;
813666782;CONFURA AS;1;71.129;AS;
813672812;PRATERIET SPRÅKSENTER AS;5;86.909;AS;PRATERIET LOGOPEDSENTER AS
813694832;HENRIKSEN BYGG AS;12;41.200;AS;
813709252;Boligmesteren Prosjekt AS;0;41.109;AS;
813771462;BYGGMESTERAN HOLDING AS;0;68.209;AS;
813798832;RINGVEIEN 5 AS;0;68.209;AS;
813837692;TYTLANDSVIK AQUA AS;36;03.212;AS;
813841592;Leirvik Sveis A/S;0;68.209;AS;
813842122;THAMS EIENDOMSUTVIKLING AS;0;41.109;AS;
813855372;Tsrevisjon AS;11;69.202;AS;
813873052;Stiftelsen Kåkå Kverulantkatedralen;5;90.040;STI;
813874792;OK Transport & Maskin AS;0;49.410;AS;
813933632;ROGALAND DRIFTSSERVICE AS;10;81.101;AS;
813968282;BETA ORGANISASJONSUTVIKLING LINN RASCH AUNE;0;70.220;ENK;
813968592;TRAA BYGG as;7;41.200;AS;
813973472;ANDREAS WAAG MARTINSEN;0;62.020;ENK;
813984792;ORDINEM SIA;0;38.110;NUF;
813999722;STIG PEDER JOHANSEN AS;1;41.200;AS;
814059472;ARCTIC HOST AS;0;;AS;
814068072;SAMEIET SOLSIDEN;0;;ESEK;
814073432;MR LOKALMATSENTER AS;0;;AS;
814077292;ANSI HOLDING AS;0;41.200;AS;
814078752;Lokalveien Utvikling AS;0;41.109;AS;
814082822;KRO HOLDING AS;0;43.221;AS;
814084272;ELVIS ELEKTRO AS;14;43.210;AS;
814084922;TROND OLSEN MUR & FLIS AS;1;43.990;AS;
814125432;HAUGESTAD AS;0;00.000;AS;
814133842;PRIMA ENERGI AUST-AGDER AS;0;;AS;
814138712;G&A Air AS;0;51.100;AS;
814184072;INDUNOR AS;82;43.320;AS;
814213242;FISKUM NÆRINGSPARK AS;0;41.109;AS;FISKUMPARKEN AS
814225992;NORSK RUTEBILSTASJON AS;0;68.209;AS;
814232662;DF RENTAL AS;6;09.109;AS;
814266222;SIV. ING. STENER SØRENSEN AS;34;71.121;AS;
814266532;GOKSØYR & MARTENS;3;90.012;STI;
814286592;BJØRNEVIK TRANSPORT AS;1;33.120;AS;BJØRNEVIK SERVICE AS
814308782;ZAKS FRISØR AS;3;96.020;AS;
814311422;JM RENTAL AS;0;;AS;
814321002;STERKT DESIGN AS;1;62.020;AS;
814324982;STADIONPARKEN BOLIG AS;0;68.209;AS;TORVET AS
814340872;B&T LOGISTIKK AS;22;49.410;AS;
814350932;ARCTIC SWAN AS;6;03.111;AS;
814351432;Mobekk Invest AS;1;68.209;AS;
814366162;HELGELAND OPPDRETTSERVICE AS;14;03.213;AS;KVARØY OPPDRETTSERVICE AS
814368742;BOTNANS KAFÈ OG CATRING;0;56.101;ENK;
814379892;INNOVATION LAB NORGE AS;0;62.020;AS;
814391132;Lator Skiltfabrikk AS;3;25.990;AS;
814398862;JUJO INVEST AS;0;00.000;AS;
814419762;BLOMSTERBAKKEN 2 II AS;0;00.000;AS;
814424812;GODBITEN SZABELSKA;0;81.210;ENK;
814467902;HOUSE OF HAIR AS;7;96.020;AS;
814484602;RØYRMYRA VINDPARK AS;0;35.112;AS;
814499022;PEPCALL AS;0;61.900;AS;XPLORA MOBILE AS
814500632;GAMLE FREDRIKSTAD HÅNDBALLKLUBB;0;93.120;FLI;
814530922;Sameiet Krags vei 10;0;;ESEK;
814531082;AVANT;0;94.991;FLI;
814537102;Accon Group AS;3;46.769;AS;
814568342;DIEM AS;0;;AS;
814572862;THF AS;0;41.109;AS;
814573982;Trogi AS;0;71.121;AS;
814605752;VARANGER SPORTSLAGER AS;7;47.641;AS;
814609952;Son Kiropraktikk & Helse AS;0;86.909;AS;SON KIROPRAKTIKK OG HELSE AS
814633462;HS INVEST AS;0;68.209;AS;
814721132;KONGENS GATE 26 AS;0;68.209;AS;
814732142;BRANDSHAUGS GARAGE RAYMOND BRANDSHAUG;0;45.200;ENK;
814737772;VEKSTHUSET EIENDOM AS;0;68.209;AS;
814767302;JGG AS;1;68.209;AS;
814779912;NT REFECTIO X AS;0;82.990;AS;
814780082;UTTIAN FISK AS;0;;AS;
814787362;KARSTENSENS AS;1;74.101;AS;
814800202;AKNATON AS;0;41.109;AS;
814835022;DYRUD MASKIN OG UTEMILJØ AS;12;43.120;AS;
814837882;POG TRADING AS;0;71.129;AS;
814849732;Bakermesteren Elverum AS;0;;AS;
814867072;KARLSEN BYGG;1;41.200;ENK;
814869342;GULVSYSTEM NORD-NORGE AS;0;43.330;AS;
814880702;Løvlie Hytteservice;0;43.919;ENK;
814881962;PRYD AV CAPELLI AS;6;96.020;AS;
814905632;ASKE BRYGGERI AS;11;11.050;AS;
814906442;BJØRN WILLY STENSENS TAXI;0;;ENK;
814910652;ARCTIC ELEKTRO AS;18;43.210;AS;
814924122;Lyder Fiskebåt AS;0;03.111;AS;
814934942;EATS 3 AS;0;68.209;AS;
814938352;Skomakergarden AS;0;79.120;AS;
814950662;INTERLOCK AS;0;71.129;AS;
814973492;Br Byggservice AS;0;;AS;
815001052;KOKSTAD TANNLEGEPRAKSIS AS;2;86.230;AS;
815008022;N33 Bolig AS;0;68.100;AS;
815043782;INPROG AS;4;62.010;AS;
815049942;KONSULENT1WISMAR HENRIK WISMAR;0;86.904;ENK;
815062582;CREATIVE MILL AS;16;73.110;AS;
815070542;DIN BUSSTUR AS;7;49.392;AS;
815101812;RØRLEGGER RUNE FLEM AS;1;43.221;AS;
815101952;NT REFECTIO XII AS;0;82.990;AS;
815105222;SWANTECH AS;47;46.694;AS;AVA OF NORWAY AS
815143272;STIAN STEFFENSEN AS;1;74.901;AS;
815161742;MATRIX ADVOKATER AS;12;69.100;AS;
815162692;LEMONWAX AS;11;45.200;AS;
815177762;START&DYNAMO OG BILELEKTRO AS;2;45.200;AS;
815179722;MEDIA DIGITAL AS;0;;AS;
815180542;ISOENERGI NORDLAND AS;4;41.200;AS;ISOBYGG NORDLAND AS
815237242;Blikkenslager Fahlstrøm & Magnussen AS;6;43.911;AS;
815244672;Scandinavian Reach Technologies AS;30;62.010;AS;
815247922;BALKONGSENTERET AS;3;47.529;AS;
815265262;ÅSTORP GÅRD ANS;0;68.209;ANS;
815269772;Business Administration Services AS;14;69.201;AS;
815274032;Fagerlia Hytteforening;0;68.320;FLI;
815279352;JORUNN PETERSEN;0;;ENK;
815286952;RAMONA SKOSALON AS;0;;AS;
815293622;ING. ROBIN SVENDSEN AS;1;43.210;AS;
815295242;ARXX THERAPEUTICS AS;4;21.200;AS;
815330412;ROGALAND SPORT AS;0;;AS;
815332342;Vestmar Service AS;0;81.101;AS;
815346572;FAZENDA UTVIKLING AS;4;68.209;AS;
815357892;Mac & Tusj AS;5;74.102;AS;RIKTIG SPOR MO I RANA AS
815359062;NORSK BYGNINGSRÅDGIVNING AS;0;71.121;AS;
815389182;T RIISE AS;6;47.710;AS;
815412982;Glassproffen AS;7;43.342;AS;
815420152;MARQUEE AS;0;59.200;AS;
815429532;SENTRUMSPASSASJEN AS;0;68.209;AS;
815431332;LØVLAND EIENDOM AS;0;68.209;AS;
815438612;SKULLERUD CONSULTING AS;1;74.903;AS;
815442962;ØYVIND OSNES-RINGEN AS;8;86.221;AS;
815450132;MEDIER24 AS;15;58.130;AS;
815488482;HALLINGSKARVET EIENDOM AS;0;68.209;AS;
815489322;Trudes Hudpleie AS;5;96.020;AS;
815497732;HAVN INVEST AS;0;68.100;AS;EVJA PROPERTY AS
815498062;AURORA MUSIC AS;3;90.011;AS;
815513932;ØYSKIPET AS;0;03.111;AS;
815540662;JÆRKOKKEN AS;9;56.101;AS;
815547322;BELLA CAMPING AS;0;56.101;AS;
815580672;Startmicrohousing AS;0;74.103;AS;
815585232;Annex Consulting AS;3;68.310;AS;
815592972;SEMAK AS;2;74.101;AS;
815603702;JB ANLEGGSSERVICE AS;11;43.120;AS;
815607732;NOORTH AS;0;77.210;AS;
815609522;LINDELID AS;6;41.200;AS;LINDELID & KNUTSEN AS
815612892;PRESTESTIEN TANNLEGEPRAKSIS AS;7;86.230;AS;
815623932;Ah Takstservice AS;0;68.310;AS;
815649842;Svanelv Maskin AS;0;43.120;AS;
815671392;HDR AS;0;68.209;AS;
815672852;HV VII INVEST JULIET II AS;0;09.109;AS;HAV ENERGY HOLDING AS
815686322;HQ SERVICES AS;0;93.130;AS;
815687922;Vedterminalen Gunnar Hyllnes;0;47.990;ENK;
815714512;CARDINOR AS;6;71.129;AS;
815719972;SIVILØKONOM JOHAN MATHIS SOMBY;0;01.490;ENK;
815784332;VVD EXPERIENCE LARS OVEN PETTERSEN;0;85.510;ENK;
815793382;Speidernes beredskapsgruppe Sør-Vest;0;94.991;FLI;
815797132;Drift Snph AS;0;55.101;AS;
815799372;NORMARINE ENGINEERING AS;1;71.129;AS;
815818652;MØRENOT ROBOTICS AS;13;28.990;AS;TROLL SYSTEMS AS
815822102;TELLUS TRADING AS;0;73.110;AS;
815835662;DIN KONFERANSEPARTNER AS;3;70.220;AS;
815845382;Tenderhågen Eiendom AS;0;;AS;
815847822;PURGATO SERVICE AS;28;81.210;AS;HELT RENT TJENESTER AS
815863372;PRESS PLAY PRODUCTIONS AS;1;59.110;AS;TAGLIANO & CO AS
815879732;N. GRØNSETH AS;5;77.110;AS;
815895142;NORDYNAMIC AS;0;33.120;AS;
815896122;BULINSKI ENGINEERING;0;;ENK;
815903862;Skarnes Farvehandel Knut Ivar Brinck;0;47.523;ENK;
815938542;LISA FLATTUM;0;;ENK;
815965302;Tjenna Barnehage AS;32;88.911;AS;
816007372;Sameiet Kjempeholen 1 Og 3;0;97.000;ESEK;
816014492;BERGEN KRISTNE BOKHANDEL AS;3;47.610;AS;
816026172;MONKSIDE AS;0;68.209;AS;
816034272;Vitartak AS;5;43.919;AS;
816034612;IRIS REGNSKAP AS;1;69.201;AS;
816037522;KLEVEN BYGG HOLDING AS;0;41.200;AS;
816039142;STIAN SKJELBRED AS;0;62.010;AS;
816069122;Vålerenga Stadion AS;0;68.320;AS;
816073502;iProsess AS;2;70.220;AS;
816107172;Hvarnes Eiendom AS;5;43.120;AS;SKOKLEMOEN AS
816114462;FJORD & FJELL HOTEL ULVIK AS;0;41.109;AS;
816142032;JAMES STRONG AS;0;68.209;AS;
816148812;CREATOR MAKERSPACE AS;2;72.190;AS;
816161282;BRØDRENE EK EIENDOM AS;1;68.209;AS;
816163072;BØLJAN BLÅ AS;0;41.200;AS;
816166012;Austevikvegen 10 AS;0;68.320;AS;
816195292;HNP INFRA 2 AS;0;42.110;AS;
816195322;HNP 4 AS;0;68.209;AS;
816198992;STORE O AS;2;74.102;AS;
816214882;ELVEPARKEN EIENDOM AS;0;41.109;AS;
816222362;Studio 10;0;70.220;AS;
816235502;INDUSTRISTÅL AS;2;46.720;AS;
816273242;BÅRSTUA AS;7;56.101;AS;TROMSØ SOSIALE ENTREPRENØRSKAP AS
816277752;BENT-ÅGE LUND RUSTAD;0;;ENK;
816298512;H5 NORGE AS;2;62.010;AS;
816309972;SJØHOLMEN AS;24;56.101;AS;SJØHOLMEN KULTURHUS AS
816315492;GUTTORMSEN BEMANNING OG UTLEIE AS;20;49.410;AS;GUTTORMSEN AS
816324882;REKA NAGY NEGLEDESIGN;0;96.020;ENK;
816340012;Ll Eiendom Harstad AS;0;68.209;AS;
816340152;TØMRERMESTER EIRIK AMUNDSEN AS;2;41.200;AS;
816343372;JARNES.NO AS;0;;AS;
816349982;BERKON AS;5;41.200;AS;
816360552;VALLE EIE AS;0;69.201;AS;
816480922;CLEAR INK AS;0;86.909;AS;
816492882;DONKEYBOY MUSIC GROUP AS;0;59.200;AS;
816494532;DALSMARKEN;0;82.300;FLI;
816496012;OLSRUDSKAUEN 10-12 AS;0;41.109;AS;
816499372;ROKO REKKVERK AS;1;46.739;AS;
816504562;ENVIRO AS;0;;AS;
816505682;HFB Lofoten AS;0;68.209;AS;
816508762;UTLEIETELT.NO AS;5;77.210;AS;
816516552;Båtsfjord Fiskedelikatesser AS;0;;AS;
816535042;VEGARD HARM;0;90.012;ENK;
816559812;JAIME COELHO ART AND DESIGN;0;96.090;ENK;
816561752;GUNNA AS;0;74.200;AS;THORIR.PHOTO AS
816572932;HØGEBAKKEN EIENDOM AS;0;68.209;AS;
816632102;TEAM SERVICE J. OLSEN AS;1;62.020;AS;
816636582;SC Agency AS;0;46.160;AS;
816640652;OLJE INVEST AS;0;71.129;AS;
816655552;GLOEN KB INVEST AS;0;68.100;AS;
816666392;Credeva Development AS;0;68.209;AS;
816667232;NORGES REALFAGSGYMNAS UNGDOMSSKOLE BÆRUM AS;31;85.201;AS;NORGES REALFAGSUNGDOMSSKOLE SANDVIKA AS
816668522;Slomarka 57 AS;0;68.209;AS;
816680042;DITT BYGG SALTEN AS;0;;AS;
816683262;OTERHALS INVEST AS;0;68.100;AS;
816690102;Teveldal Turistgård AS;11;55.202;AS;
816718082;SUPERMANZANA AS;0;68.100;AS;
816729432;ENGINEER.IT AS;0;62.010;AS;
816765552;TK BETONG OG GRUNN AS;0;00.000;AS;
816791642;Heilt På Jordet Anders Kvalø Pettersen;0;68.209;ENK;
816796822;OSLO GULVLEGGERSERVICE AS;5;43.330;AS;
816809932;ANTI AS;73;74.102;AS;
816827922;R HANSEN AS;1;77.320;AS;
816838002;BR-VANEBO HOLDING AS;0;46.694;AS;
816841542;JÆREN SKOGLAG AS;1;02.100;AS;
816881412;WICKNEGÅRDEN INVEST AS;0;68.100;AS;
816898692;Sport Outlet Geilo 29 AS;6;47.641;AS;
816898862;Sport Outlet Fauske 27 AS;7;47.641;AS;
816899222;JANSON DA;0;;DA;
816900662;TOTENSVEIS AS;1;41.200;AS;
816946352;NORSUPPLY EIENDOM AS;0;00.000;AS;
816964482;MAWA PLAST AS;1;22.290;AS;
816977622;SIGURD-JOHAN THORHEIM CATERING;0;56.210;ENK;
816996112;GICALA TRANSPORT AS;0;;AS;
817011152;STIFTELSEN OVERSKUDDSFABRIKKEN;0;94.992;STI;
817020372;RABBEN MARINA AS;0;;AS;
817021042;LYNG ILLUSTRATED AS;0;;AS;MARMÆLEN AS
817084532;Sandvikbygg AS;0;43.120;AS;
817089062;MOMENT HOLDING AS;5;68.209;AS;
817093582;TEDD AS;0;00.000;AS;
817101232;WENCHES PRODUKTER AS;0;;AS;
817103022;PROGRESSING MINDS AS;1;70.220;AS;
817104762;RÅSTAD FOODS AS;1;10.860;AS;
817110592;Eik Enter;2;79.903;AS;EIK ENTER AS
817128572;Ainas Kiosk og Helsekost AS;20;47.112;AS;
817149332;NORDBYS SJØBOD;0;55.202;ENK;
817156452;VIPCAR AS;3;77.110;AS;
817181902;BESTEMORS EIENDOM AS;0;;AS;
817188362;TREVERKET MAT & SKAFFERI AS;22;56.101;AS;
817193722;PRIMÆRKONTAKTEN FOR MUSKEL & SKJELETT AS;0;86.909;AS;
817208592;SOR CONSULT AS;0;74.909;AS;
817245552;NORDENA AS;0;;AS;
817263402;NORWEGIAN INSPECTION SERVICE AS;1;71.129;AS;
817270492;Kraft Glass Bømlo AS;0;43.342;AS;
817279872;GOMAP AS;0;;AS;
817309682;RABBEN RESTAURANT AS;0;;AS;
817330622;YXNEY MARITIME AS;12;62.010;AS;
817356052;GLASSMESTER BODØ AS;2;43.342;AS;
817357202;LATEBRO AS;0;62.010;AS;
817364462;HELMER LUNDGREENS GATE 2 AS;0;68.209;AS;
817372902;LANGVIK MASKIN AS;11;43.120;AS;
817381332;NT REFECTIO XVI AS;0;82.990;AS;
817398022;RETAIL SOLUTION AS;0;;AS;
817400612;NESSET DYREKLINIKK AS;1;75.000;AS;DYRLEGEN PÅ NESODDEN AS
817403492;NORMAR TRADING AS;19;33.120;AS;
817404502;TOOLER AS;12;62.010;AS;SHAREFOX AS
817456332;Cloud Investments AS;0;62.020;AS;
817471862;STORGATA PLATEBAR AS;10;56.101;AS;
817472222;STORMHAV AS;0;03.111;AS;
817485812;INVENTRIX AS;0;;AS;SPERA HELSE AS
817492622;MIDAS EIENDOM AS;0;41.109;AS;
817524222;Teoriappen AS;0;85.609;AS;
817539602;5 ZENZES AS;0;96.020;AS;
817548822;MLUNIA AS;0;68.209;AS;
817554822;ALL IN SPORTS AS;0;;AS;
817608582;SUNDVÅGEN KYSTFISKE AS;0;03.111;AS;
817627722;PROJECT NEON AS;7;73.110;AS;
817636012;JTC AUTO AS;3;45.112;AS;
817648452;VONSTETT MEDIA AS;1;90.034;AS;
817649602;SILING INVEST AS;0;;AS;
817650082;2TRE GO AS;0;;AS;
817668992;ART BY LENA ANDERSEN;0;90.031;ENK;
817670032;STOR OSLO VEI OG ANLEGG AS;0;;AS;
817677282;FAUN AS;0;68.100;AS;
817681972;JURO EIENDOM AS;0;68.209;AS;
817687512;LEYER AS;0;74.903;AS;
817693482;SCAN-DIVE AS;1;42.210;AS;
817707742;SIGRUN BEKKEVOLD;0;74.909;ENK;
817708382;PARKETTSLIPEREN NORGE AS;0;;AS;
817719902;HEMJERN AS;0;72.190;AS;
817737382;NITTAYA THAIMAT AS;0;;AS;
817741142;BELLE HOTELLDRIFT AS;0;;AS;
817744362;OPPMUNTRING AS;0;47.990;AS;
817752292;MEIE AS;0;;AS;
817758142;KERMES & SAFFRON AS;0;64.308;AS;
817769152;STOKKE INDUSTRI EIENDOM AS;0;72.190;AS;
817781322;JENS A. LARSEN AAS ILLUSTRATION & DESIGN;0;90.031;ENK;
817798772;HØSTBAKKEN EIENDOMSSERVICE AS;2;81.101;AS;
817815782;Draftit Privacy AS;8;69.100;AS;VISMA DRAFTIT AS
817826202;LOFOTSTRIKK GRO AGNETE BERGLUND;0;47.919;ENK;
817833942;NESTA UTMARK AS;0;64.308;AS;
817860532;MULTISERVICE NORD NORGE AS;0;;AS;
817864872;GLOBAL RENTALS AS;12;46.630;AS;
817866182;STELLA EIENDOM AS;0;68.209;AS;
817873162;Sport Outlet Harstad 31 AS;12;47.641;AS;SPORT OUTLET ALTA 31 AS
817896952;MANGA RISIO ONWUAGHA;0;86.230;ENK;
817902022;4 SMIL AS;0;;AS;
817912532;BALCHENBIL AS;3;45.200;AS;AUTODRIVE AS
817919472;BOMPENGESELSKAP NORD AS;7;84.130;AS;
817922392;SKULLERUD RØR AS;2;43.221;AS;
817927262;HARK TECHNOLOGIES AS;12;46.431;AS;
817932932;Bredbåndservice AS;4;61.100;AS;
817934722;PRESSURA AS;6;71.129;AS;
817950892;HYLKJE NÆRINGSBYGG 12 AS;0;68.209;AS;
817993362;EAPARTNER AS;0;43.210;AS;
817995012;JESSHEIM TRANSPORT AS;1;49.410;AS;
818004842;GROSSISTEN AS;2;93.190;AS;
818021682;KARNE HOLDING AS;0;70.220;AS;
818021992;SÆTHER KYSTFISKE AS;0;;AS;
818032102;SYKEPLEIER JANE BERIT BERG;0;86.909;ENK;
818039662;Trondheim Ølutsalg AS;7;47.259;AS;
818059132;FUCHS KIROPRAKTIKK;0;86.909;ENK;ALFA KIROPRAKTIKK - FREDERIK FUCHS
818065892;SANNE AS;18;86.909;AS;
818095732;CFPH AS;0;88.101;AS;
818097832;SKRANEVEGEN 52 AS;0;41.109;AS;HEI31 AS
818103492;BOD OG BEDRING AS;1;74.103;AS;
818112572;Maison Grabot AS;0;10.710;AS;
818130252;Louises Gårdsdrift AS;0;56.101;AS;
818131062;Wiggo Erichsen Holding AS;0;68.209;AS;
818140932;LCA.NO AS;13;62.010;AS;
818160682;SMUDART CRAFTS WENCHE ANDERSEN;0;96.090;ENK;
818187432;GRATANGEN RØDE KORS;0;94.991;FLI;
818274882;BIRKEBEINERSPELET AS;0;90.020;AS;
818280122;BRISOL LOFOTEN AS;0;;AS;
818284942;KVIA INVESTERING AS;1;45.112;AS;
818286252;Mlunia 2 AS;0;68.209;AS;
818287712;VOLT SERVICE AS;46;03.213;AS;
818297572;ELVFJORDEN HOLDING AS;0;68.209;AS;
818312512;Hi5 Film AS;9;59.110;AS;
818315562;TEIGEN TOTAL AS;1;74.903;AS;
818316712;BASSKON AS;0;68.100;AS;
818340532;EIDE LEGESENTER AS;0;86.211;AS;
818342322;West Robotics And Digitalisation AS;0;62.010;AS;
818343752;BIG FISH NORGE AS;5;74.102;AS;BIG FISH AS
818347472;VARIAL MEDIA AS;0;;AS;
818347952;Boligutvikling Stavanger AS;0;;AS;
818351682;JACOB KJØDES EIENDOM AS;0;41.109;AS;
818370652;SALTEN FISKEINDUSTRI AS;0;;AS;
818377142;TANNSMIA AS;7;32.500;AS;
818398832;BERGSKOGEN AREAL AS;0;41.109;AS;HENRIKS VEI UTVIKLING AS
818414862;BG VAULT AS;0;00.000;AS;
818428812;CLAN AS;8;47.710;AS;
818434472;TEAM LEWEL AS;0;85.510;AS;
818441622;FRAM X AS;2;62.020;AS;
818448252;TB CONSULT AS;0;;AS;
818476272;EIGANES INTERNATIONAL SCHOOL AS;39;85.201;AS;BISS SENTRUM AS
818491352;Haugbukta Fysikalske ANS;0;86.902;ANS;
818500742;BLUEOCEAN MARINE AS;0;;AS;
818500912;Mindshift AS;16;70.220;AS;
818501072;EPOXYTEC AS;0;70.220;AS;EPO INVEST AS
818510292;NORWEGIAN RAIN ROOM AS;0;;AS;
818547102;SIKKERHET 24/7 AS;0;;AS;
818562632;SUNLAND-EKER EIENDOM AS;0;17.120;AS;
818576552;HERREKLINIKKEN NORGE AS;1;86.211;AS;C SPESIALIST AS
818577672;COLLECTIVE AS;3;82.300;AS;
818594682;BRÅTVEIT ENTREPRENØR AS;9;43.120;AS;
818601212;GO2LOFOTEN AS;5;79.903;AS;
818609582;ESSENS VIGDIS DAGSPA AS;18;96.020;AS;
818625952;LYNGVÆR BEMANNING AS;1;68.209;AS;R. LYNGVÆR EIENDOM AS
818627262;BERTGEN-BYGG AS;11;41.200;AS;BERGEN-BYGG AS
818656742;ACER DIXON AS;1;85.599;AS;
818658192;NYGAARDSGATA 39 HOLDING AS;0;68.209;AS;
818668252;VETERINÆR ELVENES AS;1;75.000;AS;
818670362;BOBIL OSLO AS;10;45.192;AS;
818671652;PUDDING-TV AS;0;;AS;
818672322;INTSA AS;0;74.909;AS;
818679262;BYGG & EIENDOM VEST AS;15;41.200;AS;
818692722;CAM Eiendom AS;0;;AS;
818705182;STR8LINE AS;0;;AS;
818711832;LUFTAMBULANSETJENESTEN HF;28;86.907;SÆR;
818718152;Røyskatt Holding AS;0;68.209;AS;
818720572;VALLØ BÅT AS;4;33.150;AS;BBM TEKNIKK AS
818746032;Geiranger Camping AS;3;55.300;AS;
818755112;VIK ASSURANSE AS;0;66.290;AS;
818765622;Uomo AS;0;68.209;AS;
818767072;Prosjekt Service AS;1;71.121;AS;
818770472;EFFEE AS;1;28.910;AS;
818772092;SVOLVÆR HAVN DRIFT AS;0;55.101;AS;KABELVÅG HAVN DRIFT AS
818780672;Bv Bygg AS;24;41.200;AS;
818786492;STORØYODDEN EIENDOM AS;0;68.209;AS;
818788282;PETROLEUM EIENDOM AS;0;68.209;AS;
818810962;SUSHI 153 COLLORA;0;56.101;ENK;
818858892;AE HOLDCO AS;0;68.209;AS;EMTUNGA HOLDCO AS
818859872;STEINBRA BØMLO AS;0;;AS;ØRJANSEN ANLEGG AS
818865082;HAVBRUKSPARTNER AS;3;03.213;AS;
818941382;Risørholmen Holding AS;0;46.381;AS;
818952872;Thomassen Rør AS;5;43.221;AS;
818983662;EMS-FEHN-GROUP SCANDINAVIA AS;42;42.220;AS;
819004722;ENERGISUPPORT AS;0;;AS;
819006482;VIKSKJÆR AS;0;;AS;
819016682;ES BYGG OG RENOVERING STANEVICIUS;0;;ENK;
819035172;TECHFIKS AS;0;;AS;
819042462;Anskaffelsesadvokaten AS;1;69.100;AS;
819046972;IDÉHUS HARSTAD AS;0;;AS;
819061602;Wok Ben Tre Sushi Takeaway AS;0;;AS;
819072272;VEST HAVBRUK AS;0;03.213;AS;
819088632;STIFTINGA FEST I VEST;0;90.020;STI;
819113912;NORSK SOLAR AS;20;71.129;AS;
819115842;Ml-Service Jukka Matias Lehtinen;0;;ENK;
819132992;BYGG OG BRANNTEKNIKK AS;1;71.121;AS;
819139652;JANNE LARSEN HOLDING AS;0;64.308;AS;
819149712;FEEL24 TROMSØ AS;0;;AS;
819154082;JON TORE SAND AS;3;49.410;AS;
819155372;AAA CARCARE AS;0;;AS;JESSHEIM BILPLEIE AS
819165572;KYSTEN VANNSPORT AS;0;;AS;
819167362;Baumah Krzysztof Zalewski;0;;ENK;
819175632;B&D UTVIKLING AS;0;;AS;
819180792;Tømrer Th Andersen;0;41.200;ENK;
819196672;Wieland BlueSea AS;0;;AS;
819200262;VANYLVEN BILPLEIE AS;1;45.200;AS;
819218862;DESIRED OUTCOME HOLDING AS;0;85.599;AS;
819229392;VIDENTIUM AS;0;62.010;AS;
819257132;STØYP-IT AS;7;43.990;AS;
819272042;VIDAR J KRISTIANSEN AS;2;46.739;AS;
819272182;IN THE PARK AS;1;90.011;AS;
819306532;WESTJORD;0;74.101;ENK;
819307792;KAREN CONSULTING;0;70.220;ENK;KAREN CONSULTING KAREN SANN FOUGNER
819328692;STAURBAKK AS;12;43.210;AS;
819334072;POWERLINE ICS AS;2;71.129;AS;
819336172;Skeiv Verden Vest;0;94.991;FLI;
819348502;Fosen Trapp & Interiør AS;8;16.232;AS;
819360502;GLASSCON AS;6;47.529;AS;
819378142;ØVSTTUNVEIEN 46 AS;0;41.109;AS;
819392692;KNH AS;0;47.914;AS;USOM AS
819405042;KURSEKSPERTEN AS;0;;AS;
819415072;FRK. BREKKE AS;0;47.510;AS;
819418462;WILDPHOTO NORWAY AS;0;79.903;AS;SMØLA NATUROPPLEVELSER AS
819421552;BIATHLONTEAM AS;0;93.190;AS;
819481822;HENRIETTES KJØKKEN HAUGALANDET AS;0;;AS;
819483922;PARA SAMFUNN;5;90.012;FLI;
819487812;ASKIMREGIONEN NÆRINGSUTVIKLING AS;2;70.220;AS;INDRE ØSTFOLD NÆRINGSUTVIKLING AS
819494002;NUBBEN BARNEHAGEDRIFT AS;26;88.911;AS;
819499292;SIGGMA SUBSEA AS;2;71.129;AS;
819502102;TENDRA AS;0;46.493;AS;KODA GROUP AS
819511772;SNØFOKK AS;6;56.101;AS;
819558752;BY NORWEGIANS AS;0;47.789;AS;
819563292;Sport Outlet Lillehammer 45 AS;9;46.494;AS;
819572062;GRØNN BOLIG HOLMESTRAND AS;0;;AS;
819574502;OPPDAL TRAFIKKSKOLE AS;6;85.530;AS;
819607842;Sport Norge Kristiansund 515 AS;15;46.494;AS;SPORT OUTLET STOVNER 75 AS
819626472;IMN INNOVATION MEDICAL NORWAY JENS KJELDGAARD;0;46.180;ENK;
819649952;TEACH ME AS;0;62.010;AS;
819656312;STAVANGER MASKIN AS;2;43.120;AS;
819657742;GDK PRO AS;2;43.320;AS;
819700842;MALERBODEN STORD AS;7;47.523;AS;
819706662;FØLL AS;1;41.200;AS;
819716072;STRABOO AS;0;62.010;AS;
819732612;MØRKVED HANDELSEIENDOM AS;0;68.100;AS;
819733872;KOBBERLØPET AS;1;93.190;AS;
819743142;STOKMARKNESBYGGET AS;11;68.209;AS;
819745412;KÅLSTØ HOLDING AS;0;47.111;AS;
819748462;CAMAR HOLDING AS;0;68.209;AS;
819750092;TØMMERVIKGRUPPEN 2 AS;0;70.220;AS;
819757712;FRODE SMINES AS;3;43.120;AS;
819760632;RCC INVEST AS;0;68.100;AS;
819760772;INGSCAN AS;0;;AS;
819777292;MOLDE AUTO AS;3;68.209;AS;
819785082;BLUSHSTUDIO AS;13;96.020;AS;
819794952;B.TVEIT;0;;ENK;
819815852;Skarsdalen Utvikling AS;0;68.209;AS;
819827842;EA Solutions AS;9;33.120;AS;KYMAR SOLUTIONS AS
819832412;APARTÉ AS;0;47.299;AS;
819849862;ERM EIENDOM AS;0;68.209;AS;
819855072;HALL MONTASJE AS;6;41.200;AS;
819855412;Nordisk Vedlikehold AS;0;;AS;
819859752;TRE & MASKIN AS;1;41.200;AS;
819886482;SAMEIET PRESTGÅRDSLIA;0;;ESEK;
819888132;HJEM & INTERIØR KOMOROWSKA;0;43.341;ENK;
819894922;BLOMERIET BLOMSTER AS;3;47.919;AS;
819923752;KVÅLSETH UTLEIGE AS;0;77.110;AS;
819927782;SVIGERFAR AS;2;81.101;AS;
819933472;AUTOSPORT VERKSTED AS;1;45.200;AS;
819935602;MC GARASJEN AS;3;45.403;AS;
819943702;CONVERT EIENDOM AS;0;68.209;AS;
819944482;Sana Oris Tannklinikk AS;13;86.230;AS;
819944962;PROENCO AS;21;63.110;AS;ASCERTRA AS
819952892;IN HOUSE EIENDOMSMEGLING AS;6;68.310;AS;
819982252;SEKO ELEKTROTEKNIKK AS;2;27.110;AS;
819997292;7 FJELL KJEVEORTOPEDI AS;0;;AS;
819998922;TØMRER TOMMY JOHANSEN AS;1;41.200;AS;
819999422;TRULS REPPE;0;;ENK;
820012542;Yako Restaurantdrift AS;5;56.101;AS;
820014642;VESTERÅLSGATA 110 AS;0;68.209;AS;
820024842;WISER AS;0;00.000;AS;
820026012;TOLÅS MARKETING AS;0;77.320;AS;
820067592;FNP C3-2 AS;0;68.209;AS;
820072332;FNP FELT B VEST AS;0;68.209;AS;
820119282;FNP I4-3 AS;0;;AS;
820119312;FNP I4-4 AS;0;;AS;
820123212;LOFOTEN TRUCKSERVICE UTLEIE AS;0;77.390;AS;LOFOTEN UTLEIESENTER AS
820169522;Somna AS;0;;AS;
820174402;HBAUER AS;0;;AS;
820175972;WT INVESTMENT AS;0;;AS;
820177592;PLAN C AS;0;59.110;AS;
820180682;HAUGMO AS;0;;AS;
820184602;Eierseksjonssameiet Sem Hageby;0;;ESEK;
820230582;SAMEIET KONGENS GATE 28 A-B;0;;ESEK;
820244672;AGGREGAT SERVICE AS;0;33.120;AS;
820249682;OLSOK AS;12;47.710;AS;
820251342;WEBJØRNSEN TRADING;0;;ENK;
820260082;ASH AS;5;71.121;AS;
820261542;NARVIK BYGG PROSJEKT AS;2;41.109;AS;
820277902;KVAMSØY FRITIDSBOLIGER AS;0;41.200;AS;
820297032;SEAS ECO AS;0;39.000;AS;
820320832;SKARVHYTTA AS;0;41.200;AS;REINE UTVIKLING AS
820328922;Sentrum Tannklinikk Alta AS;7;86.230;AS;
820365232;HJORTERO EIENDOM AS;0;68.209;AS;FJELLHAMMERVEIEN 11C AS
820365682;PRORES FIELD MANAGEMENT AS;2;09.101;AS;WELL INTERCEPT AS
820370422;BSA BETONGVARE AS;3;46.739;AS;
820375572;CURIE AS;0;;AS;
820379942;G3 UTVIKLING AS;0;41.109;AS;
820382722;Jho Maskin Og Transport AS;1;43.120;AS;
820387732;STORMVIND AS;5;70.220;AS;
820390342;PAPIRDESIGN AS;3;74.102;AS;
820404122;FORENINGEN FORTELLINGENS KRAFT;0;94.991;FLI;
820411382;Trondheim Stein AS;4;43.990;AS;
820416112;Vaar AS;11;96.020;AS;
820427092;M&M PROPERTY AS;0;68.209;AS;
820430662;GEO BODØ AS;0;68.209;AS;GEO GRUPPEN AS
820443942;MVR LANDBRUK & VEIDRIFT AS;0;43.120;AS;
820444132;STENVIK POWER GROUP AS;0;35.140;AS;SPG AS
820460642;TETT BYGG AS;0;;AS;
820465792;Tregården Restaurant AS;0;;AS;
820473752;BALTESKARD BUSS AS;7;49.392;AS;
820479572;COMPETE CONSULTING GROUP AS;0;70.220;AS;
820488512;MØLLER BYGG AS;23;43.330;AS;
820489012;Stavanger-Gynekologene AS;4;86.221;AS;
820489462;BYGGLUND AS;6;41.200;AS;
820501152;Azteko AS;7;56.102;AS;
820506502;WALSETH GÅRD V/ MARIA HERNETKOSKI;4;01.410;ENK;
820511212;JAN HUGO SVENDSEN INVEST AS;0;70.220;AS;
820521692;NORLITA AS;11;46.739;AS;
820530942;Helgeland Hogst AS;4;02.400;AS;
820538692;JMF BYGG OG EIENDOM AS;0;41.200;AS;
820543432;SKARHAUGEN AS;0;68.100;AS;
820548442;Sport Norge Mo i Rana 519 AS;19;47.641;AS;SPORT OUTLET KILDEN 73 AS
820563352;ASPEN PT;0;;ENK;
820572882;FRAKKE FOLK AS;0;79.903;AS;
820590082;RISTE ARKITEKTUR AS;2;71.112;AS;
820601882;Leirosen Garasjedrift AS;0;;AS;
820602072;KA-SERVICE AS;3;71.129;AS;
820602412;BAGØIEN ENDRING, FOREDRAG- OPPLEVELSER-KURS;0;85.599;ENK;
820604822;INTERKREDITT KAPITAL AS;1;64.920;AS;
820609212;SPETAKKEL FESTIVALEN;0;90.020;FLI;
820618602;Borgebund Bygg AS;1;41.200;AS;
820624262;VKT SUPERCARS AS;0;45.112;AS;
820625692;FLØIEN EIENDOM AS;0;;AS;
820627032;AITRAP AS;0;;AS;
820649672;TEAM ADMIN AS;9;70.220;AS;
820659112;BLAALID RIV & BYGG AS;0;;AS;
820660382;Storheil AS;2;86.902;AS;
820674022;KISTEBUNNEN INVEST AS;0;64.308;AS;
820708652;ZINO HOLDING AS;0;68.209;AS;
820746112;BOLIGRÅDGIVEREN AS;4;41.200;AS;
820759362;Haldorgården AS;0;41.109;AS;
820774582;SANDRAS GRILL V/NINOS NINOS AFRAM MOSHE;4;56.102;ENK;
820800052;NANU MALERFIRMA AS;9;43.341;AS;
820801482;FAYE-LUND GRAPHICS;0;62.010;ENK;
820828682;SØRVÅGEN KYSTFISKE AS;0;03.111;AS;KRANSVIK KYSTFISKE AS
820846532;NORTH OF LYNGEN APARTMENTS AS;5;55.101;AS;
820847032;HJORTERO HYTTER AS;1;41.109;AS;
820848772;SEILET EIENDOM AS;0;41.109;AS;
820862562;VILBERG GRUPPEN AS;0;62.020;AS;
820872622;ML PLENUM AS;24;56.101;AS;
820881192;SANGEETHA JEYABALASINGAM PRASATH;0;86.211;ENK;
820882652;THORHILD WIDVEY CONSULTING AS;0;70.220;AS;
820884892;FAIIR REVISJON DA;0;69.202;DA;
820901312;HV VII Invest Foxtrot AS;0;00.000;AS;
820914872;ALU VINDUER AS;0;;AS;
820919092;RAC KANTINEDRIFT AS;0;;AS;
820930762;BYGG & VA RÅDGIVEREN AS;0;;AS;EKS RØRFORNYING AS
820931262;ENERGI EIENDOM AS;0;;AS;
820937422;WICAN REGNSKAP VESTFOLD AS;5;69.201;AS;
820938062;STRØMSVIK OFFSHORE AS;0;;AS;
820947592;G1S INVEST AS;0;00.000;AS;
820962052;Aqua Seapro AS;0;03.213;AS;
820963512;PARTNER BERGEN AS;1;68.209;AS;
821007062;OLA BØ;0;62.020;ENK;
821009812;CAV 51 AS;0;68.209;AS;
821015162;BIRGER DIMITRIJ HENRIKSEN;0;80.100;ENK;
821015472;Lantan AS;0;68.209;AS;
821016312;Placht Holding AS;0;68.209;AS;
821032512;K11 Investor AS;0;00.000;AS;
821036372;GREENROOM SOLVOR WIIG;0;31.090;ENK;
821055652;O.K.A HOLDING AS;0;64.308;AS;
821058872;CRO EIENDOM AS;0;68.209;AS;
821059542;VINOTEKET AS;12;56.101;AS;
821066212;RS GLOBAL ENERGY AS;0;70.220;AS;
821072212;HILDRING HAVN AS;0;;AS;
821090822;COWORX MANDAL AS;0;68.209;AS;
821091942;LA MASKIN AS;0;81.299;AS;
821094682;Startuplab Founders AS;0;00.000;AS;STARTUPLAB FOUNDERS FUND III AS
821107342;TAMAJ AS;0;;AS;
821109582;Proff Gruppen Bygg AS;0;;AS;
821126932;Gsj Invest AS;1;86.211;AS;
821135982;SJ FISK AS;0;03.111;AS;
821149282;EIDISSEN CODEX AS;0;;AS;
821154502;Smart Arctic AS;0;;AS;
821160022;Strendene Utviklingsselskap AS;0;;AS;
821167922;NOA AS;2;62.010;AS;
821168082;STRANDHOLMEN AS;0;41.109;AS;
821178282;PRITEX AS;4;82.110;AS;
821180252;GS TRANSPORT SJAFKAT ASIF GONDAL;0;;ENK;
821182042;SVALBARD KYSTFISKE AS;0;;AS;
821193842;Therese Kjøreskole AS;1;85.530;AS;THERESES TRAFIKKSKOLE AS
821196922;AveXis Switzerland GmbH;0;46.460;NUF;NOVARTIS GENE THERAPIES SWITZERLAND GMBH
821198062;BLÅMYRA AS;3;74.102;AS;
821199832;BIRKELAND TOTALENTREPRENØR AS;4;41.200;AS;ØSTLANDSKE BYGG AS
821205522;PRAELIA AS;1;46.693;AS;
821209862;NORA HAGFORS INTERIØRARKITEKTUR AS;1;74.103;AS;
821219612;TANNKLINIKKEN MARISOL & KALDHEIM AS;6;86.230;AS;
821228182;MB BYGG AS;0;41.200;AS;
821249902;Hov Eiendom og Utleie AS;0;68.100;AS;
821255112;Madame Beauté Cristina Ioana Ionita Skjæveland;0;96.040;ENK;
821284732;HAMNAHOLMEN MARINA AS;0;;AS;
821306272;AMUNDSEN BAD & FLIS;0;;ENK;
821307872;ASBJØRNSEN BYGG;0;;ENK;
821332532;ROBOTIC TOWBARS AS;0;;AS;
821336112;BIOFOREDLING AS;0;47.990;AS;
821351952;TERNEN UTBYGGING AS;0;41.109;AS;
821356172;SAMEIET HVETEVEGEN BKS7;0;;ESEK;
821374502;POSITIV KOMPETANSE NORGE AS;2;78.100;AS;
821377242;A MONCLAIR;0;53.200;ENK;MONCLAIR TRANSPORT
821406382;AGK AS;1;70.220;AS;
821408172;FLORØ MOTE AS;4;47.710;AS;
821422442;MERAKI FRISØR AS;4;96.020;AS;
821430062;GRAVALID HOLDING AS;0;68.209;AS;
821435412;JOACHIM BANG;0;43.320;ENK;
821439132;BENT R. BERGER AS;0;71.129;AS;
821451442;TBK JENSEN;1;01.420;ENK;
821453402;SAMEIET AUREOSEN BRYGGE;0;;ESEK;
821456002;AURSNES & PARTNERS EIENDOMSMEGLING ÅLESUND AS;0;;AS;
821465362;STENSAAS CONSULTING;0;62.020;ENK;
821469902;KVITFJELLTOPPEN SAMEIERFORENING (KSF);0;94.991;FLI;
821479762;ANDERS SKJOLDSVEI 26,28,30,32 OG 34;0;;ESEK;SAMEIET ANDERS SKJOLDS VEI 26,28,30,32 OG 34
821493412;SULDAL SERVICE AS;19;78.200;AS;
821512662;Lassen Fjordfisk;0;03.111;ENK;
821515432;KAPP SECURITIES AS;0;;AS;
821523222;SILHUETT SYKKYLVEN AS;5;47.710;AS;
821532752;FORENINGSGATEN 1 AS;0;68.209;AS;
821533112;Snekker R. Ness AS;0;;AS;
821542332;LUNA HANDEL AS;0;;AS;
821553962;EIERSEKSJONSSAMEIET EPLEHAGEN;0;;ESEK;
821568242;VAMO AS;0;03.111;AS;
821569222;KONGSVINGER EIENDOM HOLDING AS;1;68.209;AS;
821578582;SPESIALISTKLINIKKEN HAUGESUND AVDELING HUD ULRICH CHRISTIAN BIER;0;86.221;ENK;
821581222;KRATHE HELSE AS;1;86.909;AS;
821586992;PART OF AS;0;70.220;AS;
821588782;GRÜNDERKLUBBEN AS;0;;AS;GK KAMPANJE AS
821609402;MINGE CONSULTING;0;43.221;ENK;
821620392;HUG BETONG AS;24;68.209;AS;
821625122;ODDGEIR OLSTAD E70;2;49.320;ENK;
821635462;GP SYSTEMS AS;4;41.200;AS;
821638402;LANDBRUKMEDMEIR ARNE KRINGLEN;0;02.200;ENK;
821641802;Mistel Accounting AS;4;69.201;AS;
821648092;NORSEATECH AS;0;;AS;
821661072;BOI GREFSEN 1 AS;0;;AS;
821663482;Memento Network Services AS;0;;AS;
821664462;NIPA HOLDING AS;0;71.129;AS;NIPA LIPA AS
821668832;GRANVOLL EIENDOM AS;0;41.109;AS;
821674662;ABL SKIN AS;0;;AS;
821675022;GRØNLIA AS;0;41.109;AS;
821696232;Lofoten takst AS;4;74.901;AS;
821700922;ADDERO AS;8;69.201;AS;
821703522;Brevetti Nordic AS;2;46.691;AS;
821710022;FENNE MASKIN;0;43.120;ENK;
821723442;SRS MASKIN & LANDBRUK AS;17;43.120;AS;
821723922;Balanse Eigedom AS;0;;AS;
821729432;TELLA AS;2;71.129;AS;
821734452;GOFORIT AS;12;47.721;AS;
821741602;MOLNES SEAFOOD AS;0;;AS;
821743842;L. SVARTDAL INVEST AS;1;64.308;AS;
821749492;Kaman AS;3;66.220;AS;
821756162;Deif Norge AS;10;46.180;AS;
821763622;Bergh Consulting;0;;ENK;
821777062;Get Accept AS;2;58.290;AS;GETACCEPT AS
821785022;VARANGER TRAFIKKSKOLE AS;0;85.530;AS;
821788862;HEADLOCK INVEST AS;0;00.000;AS;
821792282;TREBYGG SØR AS;0;;AS;
821800382;SOURTÀ EIENDOM AS;0;68.100;AS;SUORTÀ EIENDOM AS
821800412;SUORTÀ INVEST AS;0;00.000;AS;
821829682;MOBMAN AS;0;71.129;AS;MOBMAN HOLDING AS
821842972;ARWA AUTO SERVICE NAEL ABDULHAKIM ABUSHANAB;0;45.112;ENK;
821845262;ATL AS;18;78.200;AS;
821846242;SNEKKER HOLDING AS;0;43.320;AS;
821862132;AURDAL TAXI;0;49.320;ENK;
821888522;Huddlestock Fintech AS;3;62.010;AS;
821889472;ECO STOR AS;17;72.190;AS;
821903092;FROM AS;0;;AS;FROM II AS
821926122;APOLLÔN II AS;1;86.211;AS;
821962412;H.H. EIENDOM AS;0;68.209;AS;
821968402;ADVOKATFIRMAET MØLLER AS;6;69.100;AS;
821971462;Hexeberg Holding AS;2;43.120;AS;
821992192;ASF HOLDING AS;0;64.308;AS;
821998662;OMEGA Tek AS;0;46.694;AS;
822017002;MODAL AKTIVA AS;0;64.308;AS;
822017762;Sandefjord Betongsaging AS;0;;AS;
822021662;Asfalt-Industri AS;11;33.120;AS;VALHALL-INDUSTRI AS
822024742;ADVOKATFIRMAET ØSTVIK AS;0;;AS;
822031102;SVENSK EL-KVALITÈ AS;0;43.210;AS;
822046282;R HANSEN CONSULTING;0;70.220;ENK;
822047572;HV VII Invest Foxtrot II AS;0;;AS;
822053602;TORIL N. JAREN AS;1;86.211;AS;
822055362;HR NORDIC BIDCO AS;3;63.110;AS;TALENTECH GROUP AS
822059902;MIINT INTERNATIONAL R.SIKORA;0;;ENK;
822067662;BOLIG FOR FOLKET AS;0;41.109;AS;
822076882;MA AKTIVA AS;0;64.308;AS;
822082432;REINEBRINGEN SPORT AS;0;47.641;AS;
822088422;ØKSNES MØBELSENTER AS;6;46.471;AS;
822096972;TRYGGE BARN 2.0 AS;4;85.599;AS;
822105262;Tnv Holding AS;0;70.220;AS;
822111432;HJELPEMIDLER ØST AS;1;46.460;AS;
822122922;LINDA STUHAUG AS;1;90.035;AS;
822123562;CLAQ AS;0;69.203;AS;
822155022;JYW AS;2;81.210;AS;
822168132;ELDØY AS;0;85.599;AS;
822168752;Sport Outlet Narvik 70 AS;9;47.641;AS;
822171982;VINDU & HÅNDVERK AS;4;46.739;AS;
822193722;MUDO GYM NOTODDEN AS;0;;AS;
822198422;BERG-JENSEN INVEST AS;0;41.109;AS;
822200702;LENE FRIBERG-MASSASJETERAPEUT AS;1;86.909;AS;
822205682;Mg Tech AS;0;62.010;AS;
822207812;VISIT ALTA AS;1;79.901;AS;
822213022;Vognveien 43 AS;0;41.200;AS;
822219802;FRISØRSALONG LILLE MARIA IDZANOVIC;0;;ENK;
822221742;GULLE EIENDOM AS;0;68.209;AS;
822234372;Monica Kolseth;0;;ENK;
822235182;AM SKOGSDRIFT AS;2;02.200;AS;
822244572;MAP CO OSLO AS;0;41.200;AS;
822245242;KRAMSJØ AS;9;56.101;AS;
822249892;Skolegata 14-16 AS;0;68.209;AS;
822264042;47Bygg AS;2;41.200;AS;
822298362;Sandel Toader Transport;0;;ENK;
822299792;ROGALAND HUS OG HAGE AS;0;;AS;
822304842;MDP AS;0;;AS;
822349072;VETERINÆRVIKAREN AS;0;75.000;AS;
822349242;NORINNOVA NARVIK AS;0;62.020;AS;
822352332;TØMRER IVAR BAKKEN-BERG;0;41.200;ENK;
822355102;Ki-Tech Global AS;0;00.000;AS;
822363792;Hansnes Fisk AS;0;03.111;AS;
822364632;MORGENSTJERNEN TRIVSELSBOLIG AS;3;68.209;AS;MORGENSTJERNEN HELSEBOLIG AS
822365582;Larsnes Holding AS;0;45.200;AS;
822375952;Det Glutenfrie Verksted AS;3;46.769;AS;
822396992;SHIPSHAVE AS;11;71.129;AS;
822403972;EVO PARTNERS AS;0;70.220;AS;
822406742;MARMAG HENRIKSEN;0;43.320;ENK;
822433502;Mari Staveland AS;1;70.220;AS;
822538452;Cathrines Alternativ AS;3;96.090;AS;
822585582;DR KYSTFISKE AS;0;03.111;AS;
822595332;LOS TACOS LØKKA AS;22;56.101;AS;
822611362;Ola Pettersen;0;41.200;ENK;
822611672;BLIKOM MEKANISKE;0;;ENK;
822633242;HELGELAND OPPLEVELSER AS;1;79.903;AS;ADVENTURE HELGELAND AS
822652662;Sebari Motor AS;0;45.112;AS;
822667422;BYGGTJENESTER HADELAND AS;1;41.200;AS;
822695302;E&C TØMRERTJENESTER AS;2;41.200;AS;
822698042;Gnist Ratvika Eiendom AS;0;;AS;PPP RATVIKA EIENDOM AS
822706592;Norwaste AS;9;71.129;AS;
822706762;XIN AS;1;71.129;AS;
822708862;BJØRGESÆTRA UTVIKLING AS;0;68.100;AS;
822712452;FOCUS KAFE AS;13;56.101;AS;
822719392;Mantiz AS;0;62.020;AS;
822723802;CIVIL GROUP AS;0;70.220;AS;
822724752;SALTVIK MEKANISKE AS;0;25.110;AS;
822742122;Sætre Eiendomsinvest AS;0;68.209;AS;
822745512;Andreas Jahr AS;0;;AS;
822750192;LØKKACATERING AS;2;56.210;AS;
822753892;Kabelvåg Regnskap AS;3;69.201;AS;
822772412;NORDRE SØRØYA RORBUER AS;4;68.209;AS;
822772552;Kvinnherad Fjordresort AS;0;68.209;AS;
822773052;ALTA RENHOLD AS;0;;AS;
822773532;FURULUND MASKIN ENTREPRENØR AS;1;43.120;AS;
822790232;SKODVIN GARD 96/3 ØYVIND FESTE;0;01.110;ENK;
822810152;SLOTTSFJELLET INVEST AS;0;68.209;AS;CAMALETRI EIENDOM AS
822828132;LYGREGÅRDEN EIENDOM AS;0;68.209;AS;
822835872;D-LIGHT AS;0;47.990;AS;
822845932;RUND BAUT AS;1;70.220;AS;
822851932;KAIA HEGRE AS;0;01.430;AS;
822875912;Oddleiv Sæle Konsult AS;0;70.220;AS;
822880312;CLAY FILLER UTLEIE PÅL-EIRIK SEDOLFSEN;0;68.209;ENK;
822884512;PANDORA-NORGE JOHN PETTER THINGSTAD;0;26.700;ENK;
822886582;PIXERY MEDIA NORWAY AS;2;62.090;AS;
822903312;SPIRE INNOVASJON AS;2;70.220;AS;
822904602;JEGERS SERVICEBUREAU AS;2;81.101;AS;
822904882;ED SOLUTIONS AS;3;70.220;AS;
822906222;HUSTADVIKA TRAFIKKSKOLE AS;2;85.530;AS;
822907172;KJELVIKSPILLET AS;0;90.012;AS;
822917372;FUZZY MOLDE AS;10;56.101;AS;
822927602;SQT AS;8;77.390;AS;
822928552;WEX APARTMENTS AS;6;55.101;AS;WEX HOTELS AS
822939562;VERO BYGG EIENDOM AS;0;68.209;AS;
822941222;CIVIL MANAGEMENT AS;6;71.121;AS;
822953972;NRGIZE AS;0;;AS;
822960472;TORGERSEN LANGGATEN 38;0;68.209;ENK;
822965962;HATCH ACCELERATOR FUND AS;0;00.000;AS;
822969062;Oppsving Eiendom AS;0;68.209;AS;
822981712;TASTE OF THAI AS;1;56.102;AS;
822989152;Nordre Torv 6 AS;0;68.209;AS;
823010702;MATHISEN HUS & HYTTESERVICE OLE JOHAN MATHISEN;0;;ENK;
823011512;Orvei Invest AS;0;00.000;AS;
823017022;ØLØL AS;5;46.349;AS;
823048912;LJ ERVIK CONSULTING;0;;ENK;
823070632;VIK BYGGSERVICE AS;8;41.200;AS;
823073232;ESPEN SIMENSEN HOLDING AS;0;62.010;AS;
823099002;KREKLING CONSULTING AS;1;85.599;AS;
823119542;JAKOBSEN MEKANISKE VERKSTED DRIFT AS;6;33.150;AS;
823130422;HELGELAND REVISJON AS;7;69.202;AS;
823131542;DANIEL PLURA SNEKKERSERVICE AS;1;41.200;AS;
823145802;STILLAS1 AS;25;43.990;AS;
823149972;RYDMARKGÅRDEN & CO AS;0;68.209;AS;
823160712;JOBBUTSTYR AS;1;46.421;AS;
823163762;HABO-EIENDOM AS;0;;AS;
823169442;STRYN HOUSE APARTMENTS AS;2;55.102;AS;FLIK EIENDOM AS
823171382;BESITY AS;1;70.220;AS;
823176732;EXCESS HOLDING AS;0;;AS;
823187912;OPTUS AS;8;73.110;AS;CREATIVE HEADS AS
823194552;Sentrum Regnskap Edina Brohier;0;;ENK;EDINA BROHIER
823197942;ØVRE 2 AS;0;68.209;AS;
823212852;UGLE EIENDOM AS;0;68.209;AS;IH3 EIENDOM AS
823219342;Ulrix Personal AS;8;78.200;AS;
823231032;AASLAND AS;0;70.220;AS;
823242352;Blomsterteltet Tynset AS;3;47.761;AS;
823244002;H. HOLMEBAKKEN AS;2;43.990;AS;
823251602;FOSSHEIM TURISTHOTELL AS;37;55.101;AS;
823256272;Endretta AS;0;93.190;AS;
823261152;KNIKSEN SPORTSBAR OASEN AS;25;56.301;AS;
823261292;SLØRDAHL BYGGSERVICE AS;2;43.990;AS;
823321902;ARCTIC LOGISTICS AS;0;70.220;AS;
823323492;BEAUTY BY ANNA AS;4;96.020;AS;
823336772;Hjelsethgården Martin L. Hjelseth;0;;ENK;
823378882;SØR TECH AS;2;33.120;AS;
823388152;SCITUS AS;1;71.129;AS;
823393342;RNP E2 AS;0;68.209;AS;
823400632;Kokstadflaten Utleie AS;0;68.209;AS;
823404522;SKYSET UTBYGGING AS;0;41.109;AS;
823414862;NORTHCON NORGE AS;0;;AS;
823417942;Skjoldingsneset Eiendom AS;0;68.209;AS;
823421192;Sandblåsing Metallisering Og Overflatebehandling AS;1;25.620;AS;
823441142;Dokka Farge Og Miljø AS;15;47.523;AS;
823450982;DEVOLD CONSULTING AS;13;69.201;AS;
823458452;THAI SABAI MASSASJE AS;0;96.040;AS;
823459602;BANKEN CAFÈ AS;18;56.101;AS;
823479522;SÆVEREID CONSULTING AS;1;62.010;AS;
823479662;INVESTAD AS;1;70.220;AS;
823480652;LH OG SØNN AS;0;47.990;AS;
823485352;Drabløs Bygg;0;41.200;ENK;
823554052;Bare 3 AS;5;46.739;AS;
823566042;UNDERDAL MASKIN;0;;ENK;
823567952;Kids Og Kaffe AS;15;56.101;AS;
823577842;REFSTADVEIEN 22 AS;0;68.209;AS;
823600372;PAXON HAUGESUND AS;11;71.121;AS;
823617232;HALLERUD CONSULTING AS;2;70.220;AS;
823624182;Tasteful Foods Norway AS;1;46.390;AS;
823627432;MERKURPOS AS;0;62.010;AS;
823633882;EBUTIKKEN UTVIKLING AS;0;62.010;AS;
